Track,Album,Year,Duration,Time_Signature,Danceability,Energy,Key,Loudness,Mode,Speechiness,Acousticness,Instrumentalness,Liveness,Valence,Tempo,Popularity
Ballad Of A Well-Known Gun,Tumbleweed Connection,1970,4:59,4,0.702,0.733,2,-9.331,1,0.0347,0.284,0.0011,0.0839,0.802,132.497,24
Come Down In Time,Tumbleweed Connection,1970,3:25,4,0.53,0.285,4,-14.052,0,0.0344,0.663,0.000127,0.0834,0.172,117.704,23
Country Comfort,Tumbleweed Connection,1970,5:06,4,0.55,0.608,9,-10.69,1,0.0371,0.465,0,0.12,0.584,136.02,24
Son Of Your Father,Tumbleweed Connection,1970,3:48,4,0.542,0.72,8,-10.169,1,0.0824,0.27,0,0.185,0.767,159.057,21
My Father's Gun,Tumbleweed Connection,1970,6:20,4,0.436,0.429,3,-10.884,1,0.0319,0.511,0.000103,0.104,0.223,119.025,23
Where To Now St. Peter?,Tumbleweed Connection,1970,4:11,4,0.59,0.416,4,-13.821,1,0.0314,0.349,0.00323,0.106,0.356,128.775,23
Love Song,Tumbleweed Connection,1970,3:41,4,0.364,0.126,2,-22.956,1,0.0283,0.788,0.00000638,0.0827,0.448,164.66,25
Amoreena,Tumbleweed Connection,1970,5:00,4,0.555,0.614,0,-10.067,1,0.0337,0.76,0,0.203,0.508,128.761,25
Talking Old Soldiers,Tumbleweed Connection,1970,4:06,3,0.559,0.109,8,-13.945,1,0.0502,0.836,0,0.0979,0.0806,71.008,19
Burn Down The Mission,Tumbleweed Connection,1970,6:21,4,0.43,0.651,0,-10.184,1,0.0371,0.0838,0.0429,0.184,0.535,120.36,24
There Goes A Well Known Gun - Previously Unreleased,Tumbleweed Connection,1970,3:27,4,0.57,0.754,2,-8.123,1,0.0406,0.301,0.0191,0.0915,0.882,148.85,16
Come Down In Time - Piano Demo Previously Unreleased,Tumbleweed Connection,1970,3:21,4,0.436,0.273,4,-13.58,0,0.0318,0.958,0.00198,0.115,0.227,132.886,15
Country Comfort - Piano Demo Previously Unreleased,Tumbleweed Connection,1970,4:12,4,0.589,0.346,9,-8.611,1,0.034,0.917,0,0.0716,0.21,71.385,14
Son Of Your Father - Previously Unreleased,Tumbleweed Connection,1970,4:12,4,0.598,0.496,7,-8.836,0,0.0549,0.87,0.0000012,0.0743,0.441,74.171,12
Talking Old Soldiers - Piano Demo Previously Unreleased,Tumbleweed Connection,1970,4:13,4,0.549,0.157,0,-12.305,0,0.0418,0.976,0.000336,0.0972,0.0876,121.862,11
Into The Old Man's Shoes - Piano Demo Previously Unreleased,Tumbleweed Connection,1970,3:40,4,0.596,0.465,8,-9.587,1,0.0325,0.981,0.000448,0.266,0.462,139.351,11
Sisters Of The Cross - Piano Demo Previously Unreleased,Tumbleweed Connection,1970,4:38,4,0.698,0.348,7,-9.636,1,0.0339,0.952,0.0109,0.0931,0.328,118.935,10
Madman Across The Water,Tumbleweed Connection,1970,8:51,4,0.403,0.68,9,-8.861,0,0.0624,0.0721,0.00226,0.111,0.308,133.894,17
Into The Old Man's Shoes,Tumbleweed Connection,1970,4:02,4,0.591,0.545,8,-9.1,1,0.0299,0.762,0,0.0998,0.519,130.43,13
My Father's Gun - BBC Session,Tumbleweed Connection,1970,3:43,4,0.534,0.319,3,-12.647,1,0.0411,0.811,0.000566,0.0923,0.456,116.398,11
Your Song,Elton John,1970,4:01,4,0.552,0.315,3,-11.028,1,0.0299,0.828,0.00000552,0.101,0.324,128.187,80
I Need You To Turn To,Elton John,1970,2:30,3,0.385,0.281,2,-11.896,1,0.0328,0.835,0,0.158,0.317,124.734,31
Take Me To The Pilot,Elton John,1970,3:44,4,0.429,0.562,5,-7.633,1,0.0924,0.418,0,0.237,0.628,84.903,36
No Shoe Strings On Louise,Elton John,1970,3:29,4,0.481,0.665,4,-8.216,1,0.0367,0.219,0,0.0762,0.697,145.019,26
First Episode At Hienton,Elton John,1970,4:46,4,0.419,0.112,7,-13.218,0,0.0327,0.95,0.0000162,0.136,0.131,133.254,25
Sixty Years On - Album Edit,Elton John,1970,4:35,4,0.377,0.181,11,-13.686,0,0.0376,0.941,0.0000248,0.0673,0.126,130.979,26
Border Song,Elton John,1970,3:21,4,0.456,0.347,0,-8.276,1,0.0283,0.776,0,0.0987,0.346,129.405,35
The Greatest Discovery,Elton John,1970,4:10,4,0.323,0.17,0,-12.865,1,0.0357,0.906,0,0.148,0.111,138.754,26
The Cage,Elton John,1970,3:26,4,0.602,0.79,5,-6.728,0,0.0394,0.138,0,0.361,0.615,125.646,24
The King Must Die,Elton John,1970,5:07,4,0.439,0.393,9,-10.485,0,0.0391,0.416,0.000474,0.29,0.254,139.137,24
Your Song - Demo Version,Elton John,1970,3:33,4,0.557,0.164,3,-13.508,1,0.0356,0.944,0.00154,0.117,0.337,144.302,24
I Need You To Turn To - Piano Demo,Elton John,1970,2:10,3,0.485,0.247,11,-11.574,0,0.0347,0.967,0.000833,0.19,0.295,134.145,20
Take Me To The Pilot - Piano Demo,Elton John,1970,2:34,4,0.581,0.421,5,-8.505,1,0.064,0.862,0.0000601,0.132,0.494,76.02,19
No Shoe Strings On Louise - Piano Demo,Elton John,1970,3:31,3,0.653,0.406,4,-8.869,1,0.0264,0.737,0.0000699,0.0966,0.558,96.855,17
Sixty Years On - Piano Demo,Elton John,1970,4:20,4,0.457,0.368,6,-10.692,0,0.028,0.989,0.0084,0.156,0.259,143.786,19
The Greatest Discovery - Piano Demo,Elton John,1970,3:56,4,0.499,0.212,0,-10.431,1,0.0334,0.885,0,0.248,0.134,74.109,17
The Cage - Demo,Elton John,1970,3:20,4,0.646,0.539,10,-7.951,1,0.0264,0.53,0,0.124,0.624,126.152,16
The King Must Die - Piano Demo,Elton John,1970,5:22,4,0.464,0.307,9,-7.913,0,0.0329,0.828,0.0000517,0.108,0.146,135.433,16
Rock And Roll Madonna - Piano Demo,Elton John,1970,3:10,4,0.443,0.613,0,-7.952,1,0.0276,0.873,0.0000293,0.198,0.671,151.267,16
Thank You Mama - Piano Demo,Elton John,1970,3:19,3,0.549,0.314,0,-9.528,1,0.0359,0.898,0.00000401,0.103,0.387,146.092,16
Honky Cat,Honky Chateau,1971,5:13,4,0.48,0.776,2,-5.65,1,0.0432,0.334,0.000217,0.133,0.95,171.142,56
Mellow,Honky Chateau,1971,5:32,4,0.501,0.57,10,-7.829,1,0.0314,0.307,0.000302,0.206,0.54,126.501,37
I Think I'm Going To Kill Myself,Honky Chateau,1971,3:35,4,0.627,0.54,0,-8.225,1,0.0273,0.522,0.00000358,0.129,0.723,137.599,50
Susie (Dramas),Honky Chateau,1971,3:24,4,0.639,0.748,9,-6.601,0,0.0363,0.0246,0.0000112,0.0884,0.97,142.851,36
"Rocket Man (I Think It's Going To Be A Long, Long Time)",Honky Chateau,1971,4:41,4,0.601,0.532,10,-9.119,1,0.0286,0.433,0.00000595,0.0925,0.342,136.576,81
Salvation,Honky Chateau,1971,3:58,4,0.59,0.778,4,-7.836,1,0.0302,0.233,0.0000153,0.129,0.585,133.088,33
Slave,Honky Chateau,1971,4:22,4,0.625,0.505,7,-9.978,1,0.0274,0.0376,0.00000711,0.0847,0.709,118.462,31
Amy,Honky Chateau,1971,4:03,4,0.551,0.852,11,-6.05,0,0.0395,0.0931,0.0000529,0.233,0.788,93.493,32
Mona Lisas And Mad Hatters,Honky Chateau,1971,5:00,4,0.512,0.347,0,-11.222,1,0.0361,0.853,0.0000867,0.106,0.41,128.531,58
Hercules,Honky Chateau,1971,5:20,4,0.562,0.783,0,-7.377,1,0.0322,0.0797,0.00173,0.083,0.731,147.714,34
"Slave - Alternate ""Fast"" Version",Honky Chateau,1971,2:53,4,0.553,0.934,7,-6.359,1,0.0442,0.018,0,0.0647,0.809,91.193,28
Tiny Dancer,Madman Across The Water,1971,6:17,4,0.414,0.428,0,-11.097,1,0.0278,0.382,0.000243,0.148,0.282,145.075,77
Levon,Madman Across The Water,1971,5:22,4,0.305,0.594,5,-10.499,1,0.0447,0.15,0.000303,0.39,0.426,145.77,53
Razor Face,Madman Across The Water,1971,4:42,4,0.405,0.562,0,-12.106,1,0.0303,0.0861,0.000261,0.188,0.504,138.075,32
Madman Across The Water,Madman Across The Water,1971,5:57,4,0.449,0.455,9,-11.549,0,0.0436,0.427,0.00256,0.0721,0.388,136.432,41
Indian Sunset,Madman Across The Water,1971,6:46,4,0.403,0.282,7,-13.708,1,0.0422,0.793,0.000038,0.121,0.315,140.003,34
Holiday Inn,Madman Across The Water,1971,4:16,3,0.518,0.695,2,-11.056,1,0.0282,0.124,0.0243,0.172,0.666,152.421,32
Rotten Peaches,Madman Across The Water,1971,4:58,4,0.352,0.65,2,-10.525,1,0.0391,0.327,0.0000289,0.0867,0.639,145.217,29
All The Nasties,Madman Across The Water,1971,5:09,4,0.356,0.441,5,-14.599,1,0.0385,0.615,0.00192,0.102,0.221,148.192,27
Goodbye,Madman Across The Water,1971,1:48,4,0.361,0.118,10,-18.392,1,0.0324,0.948,0.0000194,0.101,0.244,127.788,30
Funeral For A Friend / Love Lies Bleeding - Remastered 2014,Goodbye Yellow Brick Road,1973,11:06,4,0.403,0.764,9,-8.554,0,0.0451,0.0221,0.17,0.245,0.196,138.725,49
Candle In The Wind - Remastered 2014,Goodbye Yellow Brick Road,1973,3:48,4,0.602,0.536,4,-9.74,1,0.0288,0.183,0.000019,0.0802,0.506,124.558,68
Bennie And The Jets - Remastered 2014,Goodbye Yellow Brick Road,1973,5:22,4,0.665,0.673,0,-7.95,1,0.0493,0.259,0.00000762,0.497,0.779,132.642,74
Goodbye Yellow Brick Road - Remastered 2014,Goodbye Yellow Brick Road,1973,3:12,4,0.559,0.473,5,-7.712,1,0.0279,0.446,0.00141,0.154,0.397,121.227,76
This Song Has No Title - Remastered 2014,Goodbye Yellow Brick Road,1973,2:23,4,0.422,0.442,2,-8.228,0,0.034,0.839,0,0.0853,0.179,107.341,42
Grey Seal - Remastered 2014,Goodbye Yellow Brick Road,1973,4:00,4,0.452,0.913,7,-6.841,1,0.0487,0.0142,0.0000311,0.0655,0.449,135.867,42
Jamaica Jerk-Off - Remastered 2014,Goodbye Yellow Brick Road,1973,3:38,4,0.753,0.732,3,-8.828,0,0.0383,0.000728,0.0000017,0.0626,0.951,134.066,37
I've Seen That Movie Too - Remastered 2014,Goodbye Yellow Brick Road,1973,5:57,4,0.505,0.459,5,-8.684,0,0.0281,0.317,0.000019,0.106,0.299,114.07,40
Sweet Painted Lady - Remastered 2014,Goodbye Yellow Brick Road,1973,3:54,4,0.612,0.382,7,-11.563,1,0.03,0.358,0,0.643,0.547,117.302,44
The Ballad Of Danny Bailey (1909-1934) - Remastered 2014,Goodbye Yellow Brick Road,1973,4:23,4,0.495,0.661,7,-9.645,1,0.0385,0.402,0.00118,0.0827,0.669,79.9,38
Dirty Little Girl - Remastered 2014,Goodbye Yellow Brick Road,1973,5:00,4,0.728,0.881,2,-6.518,1,0.0365,0.15,0.000832,0.119,0.878,132.019,37
All The Girls Love Alice - Remastered 2014,Goodbye Yellow Brick Road,1973,5:08,4,0.533,0.826,10,-9.246,0,0.058,0.0208,0.00188,0.348,0.531,88.934,41
Your Sister Can't Twist (But She Can Rock'n' Roll) - Remastered 2014,Goodbye Yellow Brick Road,1973,2:41,4,0.464,0.972,4,-6.887,1,0.0553,0.0111,0.00000147,0.818,0.91,95.407,36
Saturday Night’s Alright (For Fighting) - Remastered 2014,Goodbye Yellow Brick Road,1973,4:55,4,0.513,0.979,0,-6.362,1,0.0425,0.0195,0.0951,0.0906,0.94,152.875,67
Roy Rogers - Remastered 2014,Goodbye Yellow Brick Road,1973,4:07,3,0.531,0.453,5,-9.117,1,0.027,0.239,0,0.231,0.351,121.058,37
Social Disease - Remastered 2014,Goodbye Yellow Brick Road,1973,3:42,4,0.352,0.79,2,-7.294,1,0.0674,0.223,0,0.154,0.812,190.692,35
Harmony - Remastered 2014,Goodbye Yellow Brick Road,1973,2:44,4,0.566,0.466,3,-9.065,1,0.0264,0.187,0,0.105,0.426,132.54,43
Daniel,Don't Shoot Me I'm Only The Piano Player,1973,3:54,4,0.689,0.476,0,-11.945,1,0.029,0.379,0.0000512,0.0864,0.9,132.074,70
Teacher I Need You,Don't Shoot Me I'm Only The Piano Player,1973,4:09,4,0.506,0.86,5,-8.286,1,0.0608,0.135,0.000022,0.0803,0.682,154.938,34
Elderberry Wine,Don't Shoot Me I'm Only The Piano Player,1973,3:33,4,0.613,0.857,10,-6.319,1,0.0327,0.137,0.127,0.0556,0.97,127.732,34
Blues For Baby And Me,Don't Shoot Me I'm Only The Piano Player,1973,5:38,4,0.572,0.574,7,-9.8,1,0.0318,0.327,0.00000465,0.123,0.653,135.18,30
Midnight Creeper,Don't Shoot Me I'm Only The Piano Player,1973,3:52,4,0.673,0.862,4,-6.488,1,0.0492,0.0464,0.00114,0.176,0.846,136.285,27
Have Mercy On The Criminal,Don't Shoot Me I'm Only The Piano Player,1973,5:57,3,0.465,0.515,0,-8.109,0,0.0331,0.131,0.00127,0.0954,0.523,116.181,33
I'm Going To Be A Teenage Idol,Don't Shoot Me I'm Only The Piano Player,1973,3:55,4,0.604,0.716,9,-7.853,0,0.0325,0.239,0.0000254,0.0836,0.873,147.09,27
Texan Love Song,Don't Shoot Me I'm Only The Piano Player,1973,3:33,4,0.559,0.361,7,-12.868,1,0.0651,0.222,0,0.1,0.629,150.47,28
Crocodile Rock,Don't Shoot Me I'm Only The Piano Player,1973,3:55,4,0.621,0.8,4,-7.284,0,0.0344,0.0264,0.0000153,0.059,0.968,149.908,73
High Flying Bird,Don't Shoot Me I'm Only The Piano Player,1973,4:12,4,0.591,0.626,8,-8.702,1,0.0285,0.235,0.000801,0.11,0.598,127.41,32
Screw You (Young Man's Blues),Don't Shoot Me I'm Only The Piano Player,1973,4:42,4,0.433,0.728,0,-5.905,1,0.0478,0.0868,0,0.0897,0.73,140.597,24
Jack Rabbit - Single Version,Don't Shoot Me I'm Only The Piano Player,1973,1:49,4,0.703,0.762,7,-10.25,1,0.0278,0.114,0.000262,0.104,0.965,107.846,28
Whenever You're Ready (We'll Go Steady Again) - Single Version,Don't Shoot Me I'm Only The Piano Player,1973,2:51,4,0.481,0.903,0,-5.601,1,0.0387,0.0668,0.00000715,0.167,0.92,75.049,23
Skyline Pigeon - Piano Version,Don't Shoot Me I'm Only The Piano Player,1973,3:56,4,0.54,0.549,3,-8.675,1,0.0291,0.334,0.00000141,0.158,0.432,132.558,57
The Bitch Is Back - Remastered 1995,Caribou,1974,3:44,4,0.586,0.86,1,-6.752,1,0.0578,0.0372,0.0011,0.1,0.942,132.798,55
Pinky - Remastered 1995,Caribou,1974,3:54,4,0.656,0.532,9,-11.098,1,0.0279,0.147,0.000171,0.0726,0.507,133.032,26
Grimsby - Remastered 1995,Caribou,1974,3:46,4,0.682,0.889,7,-7.43,1,0.0412,0.101,0.0123,0.228,0.879,134.93,23
Dixie Lily - Remastered 1995,Caribou,1974,2:55,4,0.61,0.78,9,-8.933,1,0.035,0.166,0.00000194,0.125,0.965,90.48,22
Solar Prestige A Gammon - Remastered 1995,Caribou,1974,2:52,4,0.547,0.36,5,-12.621,1,0.0357,0.297,0,0.0894,0.73,166.799,21
You're So Static - Remastered 1995,Caribou,1974,4:53,4,0.606,0.811,0,-7.204,1,0.0339,0.0327,0.000658,0.174,0.79,136.744,22
I've Seen The Saucers - Remastered 1995,Caribou,1974,4:48,4,0.448,0.611,1,-9.482,1,0.0325,0.142,0,0.0609,0.427,77.937,23
Stinker - Remastered 1995,Caribou,1974,5:20,4,0.447,0.588,7,-7.565,1,0.0297,0.0936,0.187,0.0577,0.932,84.482,20
Don't Let The Sun Go Down On Me - Remastered 1995,Caribou,1974,5:36,4,0.43,0.447,0,-8.522,1,0.0262,0.122,0.0000019,0.0921,0.345,141.099,60
Ticking - Remastered 1995,Caribou,1974,7:34,4,0.365,0.351,5,-12.972,1,0.0395,0.767,0.00000165,0.0967,0.105,173.777,26
Pinball Wizard - Remastered 1995,Caribou,1974,5:09,4,0.5,0.868,5,-5.706,1,0.0514,0.139,0.0000145,0.0826,0.54,130.584,47
Sick City - Remastered 1995,Caribou,1974,5:23,4,0.648,0.782,4,-6.564,1,0.024,0.233,0.00028,0.0716,0.827,96.758,20
Cold Highway - Remastered 1995,Caribou,1974,3:25,4,0.428,0.592,5,-9.636,1,0.0416,0.253,0.000119,0.231,0.8,80.466,19
Step Into Christmas - Remastered 1995,Caribou,1974,4:32,4,0.54,0.929,2,-6.252,1,0.0338,0.0888,0.0000106,0.314,0.784,140.419,43
Medley: Yell Help / Wednesday Night / Ugly,Rock Of The Westies,1975,6:15,4,0.436,0.781,2,-10.922,1,0.0709,0.21,0.0000255,0.257,0.541,86.645,16
Dan Dare (Pilot Of The Future),Rock Of The Westies,1975,3:29,4,0.678,0.608,0,-9.653,1,0.0839,0.32,0,0.0819,0.644,75.443,17
Island Girl,Rock Of The Westies,1975,3:42,4,0.701,0.895,10,-8.489,1,0.0616,0.115,0.00000134,0.257,0.415,139.915,42
Grow Some Funk Of Your Own,Rock Of The Westies,1975,4:47,4,0.653,0.877,0,-8.657,1,0.0468,0.0546,0,0.26,0.707,140.941,22
I Feel Like A Bullet (In The Gun Of Robert Ford),Rock Of The Westies,1975,5:27,4,0.554,0.36,0,-12.394,1,0.0304,0.628,0.000126,0.222,0.218,131.553,22
Street Kids,Rock Of The Westies,1975,6:25,4,0.291,0.928,7,-7.719,1,0.0643,0.0573,0.00294,0.277,0.762,187.481,23
Hard Luck Story,Rock Of The Westies,1975,5:16,4,0.639,0.762,0,-8.778,1,0.0412,0.174,0.000171,0.0953,0.438,139.663,13
Feed Me,Rock Of The Westies,1975,4:00,4,0.575,0.815,0,-10.185,1,0.0575,0.224,0.000456,0.151,0.619,93.113,13
Billy Bones And The White Bird,Rock Of The Westies,1975,4:40,4,0.491,0.829,9,-6.934,1,0.0536,0.301,0.000245,0.0987,0.44,104.074,13
Planes,Rock Of The Westies,1975,4:31,4,0.647,0.476,7,-8.87,1,0.0502,0.474,0,0.111,0.719,145.807,11
Sugar On The Floor,Rock Of The Westies,1975,4:32,4,0.533,0.194,5,-13.664,1,0.0321,0.886,0.00000121,0.0863,0.252,124.685,12
Your Starter For...,Blue Moves,1976,1:23,4,0.635,0.609,9,-10.868,0,0.0352,0.11,0.881,0.141,0.638,122.37,22
Tonight,Blue Moves,1976,7:52,4,0.299,0.18,0,-13.603,0,0.03,0.932,0.00461,0.144,0.0883,145.925,30
One Horse Town,Blue Moves,1976,5:56,4,0.404,0.779,6,-7.485,0,0.0387,0.0389,0.16,0.589,0.345,143.782,21
Chameleon,Blue Moves,1976,5:27,4,0.532,0.459,7,-10.857,1,0.0288,0.12,0,0.277,0.386,121.986,24
Boogie Pilgrim,Blue Moves,1976,6:05,4,0.708,0.652,9,-8.504,1,0.0653,0.0736,0.0139,0.0503,0.693,134.885,20
Cage The Songbird,Blue Moves,1976,3:25,3,0.505,0.237,9,-15.704,1,0.0315,0.66,0,0.126,0.404,148.379,21
Crazy Water,Blue Moves,1976,5:42,4,0.636,0.639,10,-10.301,1,0.0364,0.116,0.00477,0.0911,0.386,138.998,21
Shoulder Holster,Blue Moves,1976,5:10,4,0.741,0.666,0,-9.345,1,0.032,0.0965,0.00000228,0.276,0.928,134.375,18
Sorry Seems To Be The Hardest Word,Blue Moves,1976,3:48,4,0.371,0.22,7,-12.797,0,0.0324,0.828,0.00000123,0.195,0.112,118.464,64
Out Of The Blue,Blue Moves,1976,6:14,4,0.419,0.853,4,-10.884,1,0.0366,0.00758,0.797,0.335,0.92,161.756,19
Between Seventeen And Twenty,Blue Moves,1976,5:17,4,0.703,0.659,2,-7.826,1,0.0269,0.095,0,0.325,0.802,116.934,18
The Wide-Eyed And Laughing,Blue Moves,1976,3:27,4,0.515,0.213,0,-14.774,0,0.0282,0.58,0,0.0803,0.325,109.869,16
Someone's Final Song,Blue Moves,1976,4:10,4,0.336,0.133,1,-12.573,1,0.0309,0.85,0.0000511,0.0834,0.0941,142.139,19
Where's The Shoorah?,Blue Moves,1976,4:09,4,0.497,0.259,3,-11.411,1,0.0291,0.637,0,0.12,0.132,128.506,21
If There's A God In Heaven (What's He Waiting For?),Blue Moves,1976,4:25,4,0.573,0.745,9,-7.7,1,0.0581,0.0931,0.000143,0.223,0.684,160.409,17
Idol,Blue Moves,1976,4:08,4,0.545,0.286,7,-13.824,1,0.0344,0.347,0,0.271,0.16,119.974,21
Theme From A Non-Existent TV Series,Blue Moves,1976,1:19,4,0.676,0.862,7,-10.706,1,0.0512,0.0527,0.852,0.0838,0.262,108.671,16
Bite Your Lip (Get Up And Dance!),Blue Moves,1976,6:43,4,0.564,0.958,5,-6.941,1,0.0759,0.00844,0.0014,0.182,0.533,142.433,20
Shine On Through,A Single Man,1978,3:45,4,0.47,0.193,3,-14.006,1,0.0297,0.352,0.00000629,0.158,0.176,95.602,23
Return To Paradise,A Single Man,1978,4:15,4,0.622,0.408,0,-10.582,1,0.028,0.139,0,0.168,0.528,119.925,20
I Don't Care,A Single Man,1978,4:23,4,0.768,0.813,7,-8.794,1,0.0407,0.054,0.000319,0.294,0.755,133.047,20
Big Dipper,A Single Man,1978,4:04,4,0.815,0.512,7,-10.538,1,0.0472,0.318,0.0000868,0.299,0.932,126.722,18
It Ain't Gonna Be Easy,A Single Man,1978,8:27,4,0.617,0.455,6,-10.758,0,0.0392,0.172,0,0.0556,0.254,130.052,19
Part Time Love,A Single Man,1978,3:16,4,0.718,0.683,1,-9.685,1,0.0378,0.0431,0,0.0889,0.835,137.893,37
Georgia,A Single Man,1978,4:50,4,0.509,0.314,9,-14.118,1,0.0322,0.238,0.00000224,0.0707,0.233,127.294,22
Shooting Star,A Single Man,1978,2:44,4,0.658,0.273,10,-16.881,1,0.0526,0.276,0.0000181,0.137,0.232,122.337,17
Madness,A Single Man,1978,5:53,4,0.582,0.692,0,-9.967,1,0.0325,0.0057,0.000126,0.281,0.546,136.618,18
Reverie,A Single Man,1978,0:53,1,0.286,0.0016,2,-37.246,1,0.0459,0.821,0.487,0.119,0.192,99.375,17
Song For Guy,A Single Man,1978,6:53,4,0.459,0.165,0,-15.95,1,0.047,0.0175,0.000276,0.0895,0.123,122.861,50
Ego,A Single Man,1978,4:00,4,0.555,0.578,0,-8.862,1,0.0504,0.302,0.000141,0.12,0.463,152.142,18
Flinstone Boy,A Single Man,1978,4:13,4,0.772,0.361,9,-12.812,1,0.0395,0.0757,0.000719,0.113,0.517,126.232,14
I Cry At Night,A Single Man,1978,3:16,4,0.43,0.236,8,-13.513,1,0.111,0.791,0,0.271,0.109,77.558,14
Lovesick,A Single Man,1978,3:59,4,0.655,0.738,5,-9.634,1,0.0336,0.0286,0.000163,0.0732,0.651,139.723,14
Strangers,A Single Man,1978,4:46,3,0.661,0.284,0,-11.962,1,0.0313,0.202,0,0.0543,0.206,120.976,15
Johnny B. Goode,Victim Of Love,1979,8:06,4,0.764,0.802,2,-10.833,1,0.0418,0.047,0.0142,0.405,0.975,127.097,20
Warm Love In A Cold World,Victim Of Love,1979,4:30,4,0.804,0.692,9,-12.249,1,0.0366,0.0135,0.0483,0.0314,0.961,127.076,11
Born Bad,Victim Of Love,1979,5:12,4,0.856,0.851,7,-10.892,1,0.0376,0.00496,0.0541,0.0325,0.96,127.166,12
Thunder In The Night,Victim Of Love,1979,4:40,4,0.715,0.79,9,-11.207,0,0.0275,0.000412,0.0117,0.0591,0.938,126.841,14
Spotlight,Victim Of Love,1979,4:23,4,0.828,0.797,0,-11.236,1,0.0423,0.000565,0.0286,0.037,0.966,127.214,11
Street Boogie,Victim Of Love,1979,3:57,4,0.794,0.837,9,-9.995,1,0.032,0.0121,0.0000087,0.118,0.978,125.775,12
Victim Of Love,Victim Of Love,1979,4:55,4,0.869,0.74,3,-10.926,0,0.0412,0.0142,0.00000397,0.0963,0.963,125.602,29
Chasing The Crown,21 At 33,1980,5:37,4,0.566,0.606,0,-14.986,1,0.0295,0.00785,0.0031,0.118,0.923,132.754,8
Little Jeannie,21 At 33,1980,5:17,4,0.608,0.391,10,-17.042,1,0.0284,0.554,0.0000172,0.0891,0.751,143.665,35
Sartorial Eloquence,21 At 33,1980,4:42,4,0.557,0.311,1,-15.225,1,0.0307,0.404,0.00000746,0.204,0.432,142.183,13
Two Rooms At The End Of The World,21 At 33,1980,5:38,4,0.762,0.514,0,-12.374,1,0.0352,0.0582,0.0000988,0.0383,0.962,125.524,10
White Lady White Powder,21 At 33,1980,4:34,4,0.725,0.599,5,-12.604,1,0.0354,0.322,0.000023,0.19,0.815,131,9
Dear God,21 At 33,1980,3:45,3,0.576,0.256,0,-13.801,1,0.0252,0.522,0,0.212,0.298,100.012,7
Never Gonna Fall In Love Again,21 At 33,1980,4:07,4,0.624,0.219,2,-16.579,1,0.0339,0.668,0.00659,0.136,0.255,117.501,9
Take Me Back,21 At 33,1980,3:51,4,0.703,0.337,3,-14.895,1,0.0281,0.297,0.00000172,0.106,0.677,108.676,7
Give Me The Love,21 At 33,1980,5:23,4,0.639,0.6,10,-14.174,1,0.042,0.47,0.000726,0.101,0.926,154.476,9
Breaking Down Barriers - Remastered 2003,The Fox,1981,4:41,4,0.521,0.794,7,-10.4,0,0.045,0.241,0.00679,0.626,0.572,141.38,16
Heart In The Right Place - Remastered 2003,The Fox,1981,5:14,1,0.649,0.535,2,-11.335,0,0.0308,0.0453,0.000293,0.219,0.441,113.694,14
Just Like Belgium - Remastered 2003,The Fox,1981,4:09,4,0.589,0.814,7,-10.033,1,0.0338,0.0836,0.00372,0.131,0.86,143.529,22
Nobody Wins - Remastered 2003,The Fox,1981,3:39,4,0.639,0.688,10,-9.671,0,0.0542,0.0725,0.000776,0.272,0.403,118.158,29
Fascist Faces - Remastered 2003,The Fox,1981,5:11,4,0.53,0.745,5,-9.777,1,0.0335,0.155,0.0000104,0.149,0.491,81.707,13
Carla/Etude - Fanfare - Chloe - Remastered 2003,The Fox,1981,10:51,4,0.387,0.149,2,-16.368,0,0.0331,0.75,0.0047,0.0974,0.0628,141.355,18
Heels Of The Wind - Remastered 2003,The Fox,1981,3:34,4,0.622,0.817,0,-10.605,1,0.0308,0.153,0,0.132,0.964,149.018,15
Elton's Song - Remastered 2003,The Fox,1981,3:01,4,0.343,0.191,0,-16.724,1,0.0322,0.95,0.0391,0.142,0.125,97.06,20
The Fox - Remastered 2003,The Fox,1981,5:20,4,0.651,0.501,1,-11.662,1,0.0365,0.723,0.00000789,0.0559,0.604,137.987,19
Dear John - Remastered 2003,Jump Up!,1982,3:33,4,0.527,0.847,7,-9.899,1,0.0298,0.0245,0.000782,0.155,0.964,169.721,18
Spiteful Child - Remastered 2003,Jump Up!,1982,4:15,4,0.679,0.814,0,-10.493,1,0.0361,0.0343,0.0936,0.14,0.639,143.869,16
Ball & Chain - Remastered 2003,Jump Up!,1982,3:28,4,0.728,0.834,10,-10.222,1,0.0686,0.0379,0.000844,0.0933,0.921,157.695,15
Legal Boys - Remastered 2003,Jump Up!,1982,3:08,4,0.521,0.489,0,-11.559,0,0.0312,0.368,0.00299,0.134,0.4,120.198,15
I Am Your Robot - Remastered 2003,Jump Up!,1982,4:44,4,0.662,0.791,9,-10.679,0,0.0345,0.00437,0.00273,0.0192,0.744,138.304,13
Blue Eyes - Remastered 2003,Jump Up!,1982,3:26,3,0.518,0.229,7,-17.18,0,0.027,0.575,0.00363,0.123,0.159,106.665,56
Empty Garden (Hey Hey Johnny) - Remastered 2003,Jump Up!,1982,5:08,4,0.667,0.363,4,-13.498,1,0.0275,0.138,0.00000702,0.41,0.224,109.208,50
Princess - Remastered 2003,Jump Up!,1982,4:55,4,0.596,0.497,2,-11.638,0,0.0321,0.501,0.0161,0.0594,0.527,81.76,30
Where Have All The Good Times Gone - Remastered 2003,Jump Up!,1982,4:01,4,0.727,0.644,0,-13.073,1,0.0455,0.221,0.00108,0.0714,0.73,131.709,17
All Quiet On The Western Front - Remastered 2003,Jump Up!,1982,6:07,4,0.588,0.302,0,-12.945,1,0.0277,0.455,0.0257,0.0979,0.199,134.019,16
Cold As Christmas (In The Middle Of The Year),Too Low For Zero,1983,4:21,4,0.636,0.616,0,-8.67,1,0.0265,0.532,0.000947,0.127,0.388,126.734,30
I'm Still Standing,Too Low For Zero,1983,3:03,4,0.505,0.904,6,-6.863,1,0.179,0.355,0.118,0.14,0.773,176.811,84
Too Low For Zero,Too Low For Zero,1983,5:46,4,0.683,0.673,5,-8.378,1,0.0393,0.435,0.0103,0.204,0.719,137.062,36
Religion,Too Low For Zero,1983,4:06,4,0.61,0.93,7,-7.322,1,0.0466,0.185,0.000754,0.117,0.805,138.487,28
I Guess That's Why They Call It The Blues,Too Low For Zero,1983,4:45,3,0.673,0.663,0,-7.29,1,0.0269,0.217,0.0174,0.177,0.67,120.634,70
Crystal,Too Low For Zero,1983,5:05,4,0.627,0.713,0,-9.007,0,0.053,0.37,0.00058,0.0933,0.84,163.833,31
Kiss The Bride,Too Low For Zero,1983,4:22,4,0.677,0.856,0,-6.295,1,0.0791,0.139,0.0304,0.134,0.681,138.138,39
Whipping Boy,Too Low For Zero,1983,3:44,4,0.466,0.906,1,-7.204,1,0.0501,0.213,0.000597,0.522,0.61,172.686,27
Saint,Too Low For Zero,1983,5:20,4,0.288,0.449,3,-8.985,1,0.0248,0.234,0.0145,0.138,0.13,85.203,26
One More Arrow,Too Low For Zero,1983,3:47,4,0.414,0.275,3,-10.714,1,0.0287,0.626,0.0000148,0.18,0.189,76.641,30
Earn While You Learn,Too Low For Zero,1983,6:46,4,0.652,0.711,5,-9.509,1,0.0298,0.0403,0.678,0.0492,0.91,135.708,23
Dreamboat,Too Low For Zero,1983,7:34,4,0.575,0.514,7,-9.039,1,0.0415,0.253,0.000658,0.152,0.835,94.426,26
The Retreat,Too Low For Zero,1983,4:46,4,0.483,0.407,5,-11.226,1,0.0319,0.701,0.0006,0.568,0.464,133.427,23
Restless,Breaking Hearts,1984,5:16,4,0.749,0.863,5,-9.728,1,0.0342,0.164,0.0605,0.123,0.896,122.045,17
Slow Down Georgie (She's Poison),Breaking Hearts,1984,4:09,4,0.669,0.674,7,-11.236,1,0.0332,0.213,0.00000745,0.0878,0.654,137.423,16
Who Wears These Shoes?,Breaking Hearts,1984,4:03,4,0.621,0.749,2,-10.288,1,0.0439,0.208,0.0000488,0.614,0.955,168.637,35
Breaking Hearts (Ain't What It Used To Be),Breaking Hearts,1984,3:33,4,0.435,0.15,2,-16.577,1,0.0409,0.962,0,0.332,0.252,83.173,25
Li'l 'Frigerator,Breaking Hearts,1984,3:37,4,0.477,0.803,9,-10.227,1,0.0399,0.0466,0.287,0.134,0.832,165.451,14
Passengers,Breaking Hearts,1984,3:23,4,0.703,0.5,0,-12.776,1,0.0456,0.334,0.0000489,0.112,0.935,121.205,36
In Neon,Breaking Hearts,1984,4:19,3,0.58,0.391,8,-12.97,1,0.0347,0.647,0.000354,0.141,0.21,143.645,19
Burning Buildings,Breaking Hearts,1984,4:01,4,0.43,0.5,8,-11.673,1,0.0334,0.656,0.00214,0.0885,0.121,73.1,17
Did He Shoot Her?,Breaking Hearts,1984,3:20,4,0.676,0.726,3,-10.593,1,0.0431,0.012,0.0000268,0.0947,0.621,118.887,15
Sad Songs (Say So Much),Breaking Hearts,1984,4:55,4,0.761,0.742,0,-11.207,1,0.025,0.0898,0.000951,0.0512,0.94,107.395,53
This Town,Ice On Fire,1985,3:56,4,0.785,0.845,10,-9.468,1,0.0322,0.0863,0.0107,0.145,0.805,119.166,19
Cry To Heaven,Ice On Fire,1985,4:16,4,0.523,0.39,9,-14.445,0,0.0318,0.093,0,0.298,0.222,140.947,23
Soul Glove,Ice On Fire,1985,3:31,4,0.792,0.753,10,-9.781,1,0.0276,0.00839,0.0107,0.0545,0.795,117.639,18
Nikita,Ice On Fire,1985,5:43,4,0.632,0.656,7,-9.29,1,0.0277,0.123,0.000264,0.0735,0.752,86.605,68
Too Young,Ice On Fire,1985,5:12,4,0.579,0.503,2,-9.979,1,0.0265,0.0126,0.00182,0.339,0.278,75.034,19
Wrap Her Up,Ice On Fire,1985,6:21,4,0.67,0.89,2,-8.017,1,0.0307,0.012,0.0276,0.124,0.895,138.854,23
Satellite,Ice On Fire,1985,4:37,4,0.735,0.726,4,-9.853,1,0.0533,0.0864,0.00372,0.0364,0.899,157.984,16
Tell Me What The Papers Say,Ice On Fire,1985,3:40,4,0.776,0.903,0,-9.697,1,0.0439,0.091,0.00241,0.0217,0.962,149.988,15
Candy By The Pound,Ice On Fire,1985,3:56,4,0.812,0.556,7,-9.902,1,0.0514,0.0979,0.0000407,0.047,0.816,148.159,14
Shoot Down The Moon,Ice On Fire,1985,5:09,4,0.266,0.164,9,-18.582,0,0.0361,0.541,0.0000476,0.174,0.174,75.059,20
The Man Who Never Died - 1985 Remix,Ice On Fire,1985,5:12,4,0.539,0.359,1,-19.263,1,0.0358,0.00517,0.739,0.0799,0.736,156.913,16
Restless - Live At Wembley Stadium 1984,Ice On Fire,1985,4:25,4,0.546,0.944,0,-9.134,1,0.0441,0.00505,0.713,0.989,0.856,134.4,12
Sorry Seems To Be The Hardest Word - Live Version,Ice On Fire,1985,3:23,4,0.485,0.158,7,-18.127,0,0.0405,0.93,0.000036,0.92,0.289,139.512,20
I'm Still Standing - Live At Wembley Stadium 1984,Ice On Fire,1985,4:52,4,0.215,0.959,10,-9.045,0,0.0916,0.211,0.565,0.964,0.549,187.657,26
Leather Jackets,Leather Jackets,1986,4:13,4,0.764,0.851,0,-14.597,1,0.0298,0.0286,0.0136,0.0719,0.968,136.982,7
Hoop Of Fire,Leather Jackets,1986,4:15,4,0.555,0.412,7,-17.64,1,0.0459,0.124,0.000193,0.297,0.261,169.092,5
Don't Trust That Woman,Leather Jackets,1986,4:59,4,0.747,0.509,5,-15.967,1,0.0301,0.0288,0.000796,0.053,0.827,115.401,5
Go It Alone,Leather Jackets,1986,4:28,4,0.582,0.844,1,-13.798,1,0.0432,0.052,0.0468,0.314,0.916,170.006,5
Gypsy Heart,Leather Jackets,1986,4:45,3,0.546,0.311,5,-16.372,1,0.0307,0.232,0.00000854,0.117,0.27,153.77,5
Slow Rivers,Leather Jackets,1986,3:07,4,0.678,0.362,7,-16.04,1,0.0293,0.425,0.00000321,0.309,0.364,112.217,4
Heartache All Over The World,Leather Jackets,1986,4:16,4,0.656,0.588,1,-14.097,1,0.0273,0.0269,0.000105,0.0379,0.845,140.961,7
Angeline,Leather Jackets,1986,3:55,4,0.696,0.672,9,-15.328,1,0.0577,0.0352,0.000584,0.177,0.894,150.144,5
Memory Of Love,Leather Jackets,1986,4:08,3,0.71,0.253,7,-16.128,1,0.0284,0.285,0.00000235,0.0705,0.436,101.702,4
Paris,Leather Jackets,1986,4:00,4,0.683,0.407,1,-16.006,1,0.0356,0.0662,0.0000228,0.0817,0.309,142.07,4
I Fall Apart,Leather Jackets,1986,4:00,4,0.444,0.2,7,-18.8,1,0.0313,0.498,0.00000207,0.0984,0.103,132.486,4
Town Of Plenty,Reg Strikes Back,1988,3:40,4,0.719,0.915,3,-7.589,1,0.0355,0.103,0.000404,0.233,0.971,127.88,16
A Word In Spanish,Reg Strikes Back,1988,4:39,4,0.625,0.676,0,-10.944,1,0.0321,0.091,0.000665,0.205,0.6,161.84,30
Mona Lisas And Mad Hatters (Part 2),Reg Strikes Back,1988,4:12,4,0.668,0.87,0,-8.319,1,0.0321,0.0206,0.00188,0.266,0.924,117.497,17
I Don't Wanna Go On With You Like That,Reg Strikes Back,1988,4:35,4,0.643,0.89,9,-8.359,0,0.0325,0.042,0.00102,0.03,0.965,134.9,52
Japanese Hands,Reg Strikes Back,1988,4:40,3,0.332,0.392,10,-10.685,1,0.033,0.29,0.0159,0.189,0.18,58.822,14
Goodbye Marlon Brando,Reg Strikes Back,1988,3:30,4,0.614,0.906,7,-6.512,1,0.0544,0.0298,0.00000694,0.395,0.938,134.89,12
The Camera Never Lies,Reg Strikes Back,1988,4:36,4,0.701,0.887,5,-7.402,1,0.0477,0.0197,0.000482,0.372,0.792,116.408,13
Heavy Traffic,Reg Strikes Back,1988,3:30,4,0.718,0.83,2,-8.655,1,0.0606,0.194,0,0.0404,0.953,101.955,12
Poor Cow,Reg Strikes Back,1988,3:50,4,0.723,0.823,0,-7.834,0,0.0297,0.0257,0.0000877,0.121,0.677,132.934,14
Since God Invented Girls,Reg Strikes Back,1988,4:54,4,0.501,0.493,8,-9.651,1,0.0271,0.328,0,0.162,0.103,68.412,12
Rope Around A Fool,Reg Strikes Back,1988,3:48,4,0.661,0.795,7,-7.915,1,0.0356,0.294,0,0.174,0.79,140.013,11
I Don't Wanna Go On With You Like That - Shep Pettibone Mix,Reg Strikes Back,1988,7:16,4,0.67,0.705,9,-10.967,0,0.0411,0.0000625,0.276,0.155,0.738,136.189,29
I Don't Wanna Go On With You Like That - Just Elton And His Piano Mix,Reg Strikes Back,1988,4:37,4,0.721,0.596,9,-11.57,0,0.0274,0.726,0.00198,0.0718,0.916,136.312,14
Mona Lisas And Mad Hatters (Part 2) - The Renaissance Mix,Reg Strikes Back,1988,6:19,4,0.784,0.634,7,-10.24,1,0.0433,0.0139,0.00377,0.0496,0.952,118.955,9
Durban Deep,Sleeping With The Past,1989,5:28,4,0.536,0.564,9,-11.506,0,0.0333,0.0035,0.0000205,0.296,0.62,139.219,23
Healing Hands,Sleeping With The Past,1989,4:29,4,0.626,0.809,2,-9.692,1,0.0276,0.00492,0.0000181,0.0353,0.788,112.321,42
Whispers,Sleeping With The Past,1989,5:26,4,0.659,0.453,8,-12.731,1,0.0307,0.0154,0.000616,0.0894,0.394,96.772,33
Club At The End Of The Street,Sleeping With The Past,1989,4:52,4,0.65,0.755,2,-9.645,1,0.0281,0.0000812,0.0145,0.326,0.782,124.844,39
Sleeping With The Past,Sleeping With The Past,1989,4:52,4,0.78,0.807,6,-9.14,1,0.0358,0.00532,0.000134,0.31,0.884,130.107,28
Stone's Throw From Hurtin',Sleeping With The Past,1989,4:44,4,0.779,0.534,5,-11.883,0,0.0455,0.0499,0.00268,0.0616,0.668,139.165,21
Sacrifice,Sleeping With The Past,1989,5:04,4,0.756,0.422,11,-12.967,0,0.0292,0.0165,0.00183,0.0368,0.487,112.751,74
I Never Knew Her Name,Sleeping With The Past,1989,3:28,3,0.607,0.721,10,-9.891,1,0.0271,0.000483,0.0000215,0.157,0.683,137.182,29
Amazes Me,Sleeping With The Past,1989,4:35,3,0.493,0.457,4,-11.071,1,0.0279,0.00175,0.00317,0.207,0.111,153.465,29
Blue Avenue,Sleeping With The Past,1989,4:18,4,0.633,0.441,8,-13.941,1,0.0258,0.37,0.00194,0.119,0.498,109.818,28
Dancing In The End Zone,Sleeping With The Past,1989,3:53,4,0.636,0.876,2,-8.041,1,0.0294,0.000216,0.339,0.277,0.91,142.028,18
Simple Life,The One,1992,6:26,4,0.663,0.788,5,-7.484,1,0.0314,0.00838,0.143,0.19,0.476,101.779,29
The One,The One,1992,5:53,4,0.426,0.647,10,-8.228,1,0.0279,0.0163,0.00118,0.106,0.311,75.944,57
Sweat It Out,The One,1992,6:38,4,0.581,0.85,9,-8.396,0,0.0325,0.00274,0.375,0.322,0.495,100.793,22
Runaway Train,The One,1992,5:22,4,0.546,0.88,10,-7.645,1,0.0437,0.0221,0.0497,0.049,0.716,109.08,34
Whitewash Country,The One,1992,5:30,4,0.541,0.913,7,-6.449,1,0.0298,0.00997,0.117,0.296,0.962,134.378,20
The North,The One,1992,5:15,4,0.522,0.467,0,-11.607,1,0.0263,0.0431,0.00596,0.125,0.285,73.59,29
When A Woman Doesn't Want You,The One,1992,4:55,3,0.535,0.454,7,-10.255,1,0.0258,0.0634,0.0000143,0.24,0.325,133.08,21
Emily,The One,1992,4:58,4,0.582,0.664,5,-8.897,1,0.025,0.00101,0.000971,0.0517,0.364,98.875,22
On Dark Street,The One,1992,4:43,4,0.65,0.857,10,-8.229,1,0.0385,0.0076,0.00284,0.116,0.735,115.095,19
Understanding Women,The One,1992,5:03,4,0.606,0.734,7,-9.726,1,0.0334,0.0172,0.0624,0.11,0.57,91.616,18
The Last Song,The One,1992,3:33,1,0.305,0.29,1,-12.623,1,0.0321,0.329,0,0.0896,0.088,124.664,38
Suit Of Wolves,The One,1992,5:48,4,0.459,0.728,5,-8.199,1,0.0339,0.00156,0.000242,0.145,0.22,82.442,17
Fat Boys And Ugly Girls,The One,1992,4:14,4,0.662,0.8,0,-9.018,1,0.0273,0.00461,0.0877,0.115,0.872,136.101,16
Believe,Made In England,1995,4:55,4,0.497,0.523,0,-9.306,0,0.0307,0.191,0.000102,0.141,0.194,138.061,46
Made In England,Made In England,1995,5:08,4,0.611,0.888,0,-8.463,1,0.0421,0.0356,0.00542,0.409,0.672,138.999,37
House,Made In England,1995,4:27,3,0.545,0.332,0,-11.767,1,0.0292,0.0472,0.00000314,0.222,0.189,124.004,30
Cold,Made In England,1995,5:37,4,0.52,0.555,10,-9.838,0,0.0262,0.0648,0.0000638,0.138,0.206,140.016,26
Pain,Made In England,1995,3:49,4,0.604,0.904,3,-7.231,1,0.0287,0.00535,0.00638,0.119,0.769,130.313,20
Belfast,Made In England,1995,6:30,4,0.185,0.234,7,-15.397,1,0.0358,0.67,0.000271,0.16,0.153,172.154,22
Latitude,Made In England,1995,3:34,3,0.522,0.476,7,-11.297,1,0.0265,0.213,0,0.311,0.581,142.94,21
Please,Made In England,1995,3:52,4,0.642,0.82,4,-8.513,1,0.0278,0.0454,0.000148,0.377,0.789,120.031,32
Man,Made In England,1995,5:15,4,0.55,0.447,0,-9.753,1,0.0309,0.0844,0.00000374,0.361,0.186,129.952,19
Lies,Made In England,1995,4:26,4,0.696,0.742,7,-7.641,0,0.0294,0.108,0.00171,0.173,0.837,125.991,21
Blessed,Made In England,1995,5:02,4,0.764,0.407,5,-11.999,1,0.0307,0.131,0.00534,0.297,0.458,101.988,50
Long Way From Happiness,The Big Picture,1997,4:46,4,0.464,0.443,2,-14.619,0,0.0285,0.384,0.022,0.381,0.11,169.992,20
Live Like Horses,The Big Picture,1997,5:02,4,0.457,0.364,1,-11.043,1,0.0308,0.291,0,0.237,0.119,130.064,31
The End Will Come,The Big Picture,1997,4:52,4,0.596,0.587,5,-8.099,1,0.0274,0.19,0.0000857,0.127,0.258,132.04,17
If The River Can Bend,The Big Picture,1997,5:21,4,0.55,0.844,5,-8.86,1,0.0359,0.126,0.00141,0.223,0.679,82.956,19
Love's Got A Lot To Answer For,The Big Picture,1997,5:00,4,0.497,0.361,7,-11.836,1,0.0291,0.613,0.00000237,0.106,0.142,133.952,17
Something About The Way You Look Tonight,The Big Picture,1997,5:08,4,0.48,0.52,6,-10.393,1,0.0268,0.208,0.000374,0.0788,0.511,143.503,48
The Big Picture,The Big Picture,1997,3:45,4,0.516,0.492,3,-9.682,1,0.0272,0.23,0.00000103,0.143,0.245,140.016,18
Recover Your Soul,The Big Picture,1997,5:18,4,0.725,0.653,7,-9.365,1,0.0238,0.134,0.00675,0.272,0.582,103.003,36
January,The Big Picture,1997,3:59,4,0.693,0.651,0,-7.89,1,0.0259,0.107,0.000547,0.118,0.489,116.057,16
I Can't Steer My Heart Clear Of You,The Big Picture,1997,4:07,4,0.553,0.526,10,-8.799,0,0.0295,0.26,0.000021,0.12,0.148,120.003,15
Wicked Dreams,The Big Picture,1997,4:39,4,0.592,0.916,0,-7.728,1,0.0486,0.00399,0.153,0.282,0.855,123.031,16
The Emperor's New Clothes,Songs From The West Coast,2001,4:28,4,0.649,0.63,0,-7.034,1,0.0313,0.344,0.0000452,0.0959,0.394,144.051,19
Dark Diamond,Songs From The West Coast,2001,4:26,4,0.708,0.82,1,-5.533,1,0.0266,0.0259,0.00346,0.0248,0.872,125.014,20
"Look Ma, No Hands",Songs From The West Coast,2001,4:22,4,0.582,0.765,4,-6.262,1,0.0303,0.0326,0.0011,0.136,0.614,87.943,18
American Triangle,Songs From The West Coast,2001,4:49,4,0.668,0.533,0,-7.215,0,0.0261,0.413,0.00142,0.0959,0.217,128.991,20
Original Sin,Songs From The West Coast,2001,4:49,4,0.689,0.635,1,-7.153,1,0.0251,0.12,0.000206,0.121,0.439,104.971,38
Birds,Songs From The West Coast,2001,3:52,4,0.562,0.884,0,-6.007,1,0.055,0.283,0.00155,0.0755,0.726,90.051,17
I Want Love,Songs From The West Coast,2001,4:35,4,0.444,0.697,9,-5.549,1,0.0281,0.0659,0.0000609,0.37,0.36,142.971,50
The Wasteland,Songs From The West Coast,2001,4:21,1,0.591,0.835,7,-6.153,0,0.0325,0.0772,0.00812,0.157,0.672,135.123,18
Ballad Of The Boy In The Red Shoes,Songs From The West Coast,2001,4:51,4,0.608,0.708,8,-6.113,1,0.0258,0.0923,0,0.138,0.57,126.026,18
Love Her Like Me,Songs From The West Coast,2001,3:58,4,0.702,0.877,9,-5.444,1,0.0295,0.216,0.000727,0.154,0.847,125.977,16
Mansfield,Songs From The West Coast,2001,4:53,4,0.611,0.626,10,-6.869,1,0.0327,0.0461,0.0000449,0.0659,0.544,133.843,16
This Train Don't Stop There Anymore,Songs From The West Coast,2001,4:38,4,0.393,0.637,8,-5.949,1,0.0357,0.0856,0.00000132,0.104,0.325,204.469,43
Your Song,Songs From The West Coast,2001,4:21,4,0.434,0.68,3,-5.119,1,0.0359,0.612,0.00348,0.101,0.255,131.237,38
Teardrops,Songs From The West Coast,2001,4:45,4,0.779,0.93,6,-3.849,0,0.0728,0.0855,0,0.0811,0.929,138.086,20
The North Star,Songs From The West Coast,2001,5:28,3,0.566,0.65,5,-5.517,1,0.0276,0.0416,0.000448,0.207,0.408,120.058,13
Original Sin - Junior’s Earth Mix Edit,Songs From The West Coast,2001,3:52,4,0.687,0.877,10,-5.835,0,0.0303,0.199,0.0038,0.126,0.903,124.012,14
Your Song - Almighty Mix Edit,Songs From The West Coast,2001,4:29,4,0.612,0.995,8,-6.829,1,0.0409,0.00302,0.479,0.34,0.672,135.956,16
Weight Of The World,Peachtree Road,2004,3:58,4,0.652,0.518,7,-9.374,1,0.0584,0.821,0.000655,0.377,0.284,127.96,17
Porch Swing In Tupelo,Peachtree Road,2004,4:38,4,0.597,0.507,5,-7.705,1,0.0384,0.791,0.00218,0.105,0.33,132.747,18
Answer In The Sky,Peachtree Road,2004,4:03,4,0.703,0.608,10,-7.99,1,0.0262,0.746,0.0345,0.123,0.507,111.089,28
Turn The Lights Out When You Leave,Peachtree Road,2004,5:02,4,0.554,0.619,7,-7.172,1,0.0271,0.525,0,0.162,0.249,84.011,29
My Elusive Drug,Peachtree Road,2004,4:12,4,0.609,0.413,5,-8.882,1,0.0324,0.831,0.00407,0.113,0.235,120.707,14
They Call Her The Cat,Peachtree Road,2004,4:27,4,0.756,0.896,5,-6.633,1,0.0379,0.496,0.0205,0.112,0.895,138.016,14
Freaks In Love,Peachtree Road,2004,4:31,3,0.607,0.462,10,-6.813,1,0.0288,0.722,0,0.0996,0.439,151.863,15
All That I'm Allowed (I'm Thankful),Peachtree Road,2004,4:52,4,0.733,0.583,1,-7.228,1,0.0336,0.755,0.000194,0.0826,0.228,96.111,28
I Stop And I Breathe,Peachtree Road,2004,3:39,4,0.599,0.409,10,-7.962,1,0.0306,0.845,0.000544,0.113,0.234,123.877,12
Too Many Tears,Peachtree Road,2004,4:14,4,0.558,0.545,9,-9.237,1,0.0353,0.755,0.0751,0.146,0.333,78.012,13
It's Getting Dark In Here,Peachtree Road,2004,3:50,4,0.643,0.444,8,-8.24,1,0.0263,0.832,0.000372,0.143,0.261,123.95,14
I Can't Keep This From You,Peachtree Road,2004,4:34,4,0.623,0.481,10,-7.641,1,0.0316,0.712,0.00349,0.0709,0.347,130.018,13
The Letter - Bonus Track,Peachtree Road,2004,2:30,4,0.688,0.356,3,-8.153,1,0.0285,0.702,0.0000526,0.122,0.258,119.969,12
Merry Christmas Maggie Thatcher - Bonus Track,Peachtree Road,2004,3:35,4,0.696,0.686,0,-5.158,1,0.0279,0.221,0,0.165,0.506,82.053,14
Electricity - Bonus Track,Peachtree Road,2004,3:29,4,0.568,0.441,4,-6.209,0,0.0326,0.184,0,0.0948,0.169,136.069,31
Postcards From Richard Nixon,The Captain and The Kid,2006,5:15,4,0.392,0.764,0,-6.761,1,0.0336,0.629,0.0102,0.18,0.422,163.79,15
Just Like Noah's Ark,The Captain and The Kid,2006,5:33,4,0.652,0.868,3,-4.574,1,0.0294,0.246,0.226,0.406,0.923,123.909,15
Wouldn't Have You Any Other Way (NYC),The Captain and The Kid,2006,4:38,4,0.595,0.501,5,-8.039,1,0.0272,0.629,0.000114,0.115,0.268,122.326,13
Tinderbox,The Captain and The Kid,2006,4:25,4,0.562,0.608,9,-6.587,1,0.0313,0.453,0.00627,0.12,0.321,73.284,19
And The House Fell Down,The Captain and The Kid,2006,4:48,4,0.57,0.663,0,-6.741,0,0.0756,0.205,0.124,0.111,0.596,171.95,16
Blues Never Fade Away,The Captain and The Kid,2006,4:45,4,0.682,0.49,3,-7.695,1,0.0271,0.641,0.000956,0.132,0.375,118.088,15
The Bridge,The Captain and The Kid,2006,3:38,4,0.48,0.312,1,-10.156,1,0.0323,0.951,0.0000235,0.108,0.178,110.883,29
I Must Have Lost It On The Wind,The Captain and The Kid,2006,3:53,4,0.624,0.691,2,-6.856,1,0.031,0.401,0.00144,0.121,0.736,81.04,13
Old 67,The Captain and The Kid,2006,4:01,4,0.571,0.666,0,-5.558,1,0.0272,0.659,0.00245,0.103,0.678,137.83,13
The Captain and The Kid,The Captain and The Kid,2006,5:01,4,0.603,0.699,5,-7.476,1,0.0292,0.283,0.0087,0.102,0.619,82.026,19
If It Wasn't For Bad,The Union,2010,3:42,4,0.719,0.758,2,-7.647,0,0.0308,0.51,0.0318,0.214,0.717,118.967,30
Eight Hundred Dollar Shoes,The Union,2010,3:22,3,0.519,0.358,3,-11.383,1,0.029,0.919,0.106,0.0876,0.136,93.163,15
Hey Ahab,The Union,2010,5:39,4,0.557,0.766,5,-7.604,0,0.0337,0.0632,0.512,0.125,0.22,110.219,20
Gone To Shiloh,The Union,2010,4:50,4,0.51,0.39,2,-12.511,0,0.0327,0.862,0.286,0.09,0.111,132.336,20
Jimmie Rodgers' Dream,The Union,2010,3:42,4,0.364,0.563,9,-9.437,1,0.0519,0.477,0.359,0.0976,0.387,174.001,17
There's No Tomorrow,The Union,2010,3:45,3,0.428,0.441,5,-9.614,0,0.0286,0.738,0.341,0.124,0.25,90.578,14
Monkey Suit,The Union,2010,4:46,4,0.642,0.811,9,-6.963,0,0.0316,0.23,0.702,0.122,0.861,118.728,15
The Best Part Of The Day,The Union,2010,4:45,4,0.589,0.503,7,-9.501,1,0.029,0.73,0.123,0.129,0.359,138.614,17
A Dream Come True,The Union,2010,5:06,4,0.557,0.763,0,-10.085,1,0.0349,0.35,0.797,0.136,0.766,118.751,14
When Love Is Dying,The Union,2010,4:50,4,0.45,0.455,10,-9.39,1,0.0306,0.711,0.514,0.0941,0.293,125.47,29
I Should Have Sent Roses,The Union,2010,5:20,4,0.647,0.547,9,-9.085,0,0.0258,0.393,0.495,0.119,0.465,74.941,15
Hearts Have Turned To Stone,The Union,2010,3:46,4,0.677,0.716,11,-7.927,0,0.0302,0.301,0.773,0.0829,0.712,94.941,12
Never Too Old (To Hold Somebody),The Union,2010,4:57,4,0.583,0.41,7,-10.705,1,0.033,0.913,0.101,0.106,0.315,124.855,15
In The Hands Of Angels,The Union,2010,4:43,3,0.429,0.276,2,-11.359,1,0.0281,0.895,0.135,0.116,0.249,93.188,12
Wonderful Crazy Night,Wonderful Crazy Night,2016,3:13,4,0.715,0.798,5,-5.281,1,0.0304,0.0864,0.00415,0.22,0.89,111.772,31
In The Name Of You,Wonderful Crazy Night,2016,4:33,4,0.486,0.818,8,-4.794,1,0.0344,0.114,0.0519,0.0789,0.584,81.278,23
Claw Hammer,Wonderful Crazy Night,2016,4:22,4,0.576,0.792,0,-6.086,1,0.0287,0.031,0.12,0.318,0.704,84.958,15
Blue Wonderful,Wonderful Crazy Night,2016,3:37,4,0.463,0.55,4,-6.442,1,0.0344,0.559,0.00167,0.0894,0.493,83.267,23
I've Got 2 Wings,Wonderful Crazy Night,2016,4:35,4,0.576,0.66,0,-6.799,1,0.0328,0.186,0.0534,0.128,0.584,86.407,16
A Good Heart,Wonderful Crazy Night,2016,4:50,4,0.474,0.649,3,-6.767,1,0.0261,0.0121,0.242,0.114,0.188,135.297,32
Looking Up,Wonderful Crazy Night,2016,4:06,4,0.464,0.875,2,-4.896,1,0.0316,0.0299,0.333,0.122,0.932,151.827,34
Guilty Pleasure,Wonderful Crazy Night,2016,3:38,4,0.529,0.936,7,-5.286,1,0.0452,0.00204,0.265,0.379,0.701,80.966,16
Tambourine,Wonderful Crazy Night,2016,4:17,4,0.498,0.663,7,-6.104,1,0.0261,0.101,0.00321,0.114,0.569,84.83,15
The Open Chord,Wonderful Crazy Night,2016,4:04,4,0.58,0.685,0,-6.746,1,0.0342,0.474,0.00116,0.154,0.637,81.975,15
Free And Easy,Wonderful Crazy Night,2016,3:55,4,0.581,0.501,7,-7.427,0,0.0277,0.199,0.000356,0.144,0.425,125.881,14
England And America,Wonderful Crazy Night,2016,3:51,4,0.382,0.871,10,-5.621,1,0.0333,0.0191,0.0374,0.0759,0.816,153.158,14